1.0, 2.0, 0
0.9999759840240962, 2.005968761559127, 0.012218633753491902
0.999904064481154, 2.0118624568610834, 0.02451036325281033
0.9997844339483278, 2.0176802150207767, 0.03687510464168716
0.9996172850027708, 2.023421158910443, 0.04931275880244805
0.999402810221637, 2.0290844054265964, 0.06182321114154768
0.9991412021820808, 2.034669065761275, 0.07440633138201762
0.9988326534612558, 2.0401742456774508, 0.08706197336287579
0.9984773566363164, 2.0455990457884723, 0.09978997484554898
0.9980755042844159, 2.0509425618414134, 0.11259015732736016
0.9976272889827082, 2.056203885004192, 0.12546232586211561
0.9971329033083478, 2.061382102156326, 0.1384062688878395
0.9965925398384885, 2.066476296183195, 0.15142175806168579
0.9960063911502838, 2.071485546273674, 0.16450854810206236
0.9953746498208879, 2.0764089282210025, 0.17766637663799273
0.9946975084274546, 2.081245514726759, 0.19089496406574746
0.9939751595471381, 2.0859943757077963, 0.2041940134127576
0.9932077957570918, 2.0906545786060144, 0.2175632102088388
0.99239560963447, 2.095225188700828, 0.23100222236473353
0.9915387937564268, 2.099705269424189, 0.2445107000579935
0.9906375407001158, 2.1040938826780415, 0.25808827562620246
0.989692043042691, 2.108390089154056, 0.2717345634675563
0.9887024933613062, 2.1125929486555224, 0.2854491599487988
0.9876690842331157, 2.1167015204212496, 0.29923164332051766
0.9865920082352729, 2.120714863451353, 0.31308157363980493
0.9854714579449324, 2.124632036834777, 0.3269984927002691
0.9843076259392476, 2.128452100078427, 0.34098192396940813
0.9831007047953725, 2.1321741134377685, 0.35503137253332157
0.981850887090461, 2.1357971382487606, 0.3691463250487663
0.980558365401667, 2.139320237260988, 0.3833262497025348
0.979223332306145, 2.1427424749718496, 0.39757059617814683
0.9778459803810482, 2.1460629179616757, 0.4118787956298413
0.9764265022035303, 2.1492806352296334, 0.4262502606638455
0.9749650903507462, 2.152394698530285, 0.4406843853269066
0.9734619373998492, 2.155404182710663, 0.45518054510206574
0.9719172359279935, 2.158308166047731, 0.46973809691164525
0.9703311785123325, 2.1611057305860903, 0.48435637912743407
0.9687039577300209, 2.1637959624758007, 0.4990347115880337
0.9670357661582119, 2.1663779523101754, 0.5137723956233479
0.96532679637406, 2.1688507954634275, 0.5285687140861747
0.9635772409547184, 2.171213592428021, 0.5434229313908813
0.9617872924773418, 2.1734654491515983, 0.558334293559117
0.9599571435190839, 2.1756054773733546, 0.5733020282725348
0.9580869866570983, 2.1776327949597185, 0.5883253449324879
0.9561770144685392, 2.1795465262392115, 0.6034034347266525
0.9542274195305608, 2.1813458023363546, 0.6185354707025505
0.9522383944203159, 2.1830297615044834, 0.6337206078479165
0.9502101317149599, 2.184597549457348, 0.6489579831778742
0.9481428239916457, 2.1860483196993674, 0.6642467158288778
0.9460366638275277, 2.1873812338543934, 0.6795859071593635
0.94389184379976, 2.1885954619928767, 0.6949746408570687
0.9417085564854953, 2.1896901829572855, 0.7104119830529735
0.9394869944618892, 2.190664584685659, 0.7258969824417939
0.9372273503060947, 2.191517864533162, 0.741428670409001
0.9349298165952658, 2.1922492295915186, 0.7570060611642818
0.9325945859065564, 2.1928578970061876, 0.7726281518814077
0.9302218508171207, 2.193343094291166, 0.7882939228444363
0.9278118039041124, 2.1937040596412842, 0.8040023376001952
0.9253646377446854, 2.1939400422418713, 0.8197523431169823
0.9228805449159937, 2.19405030257567, 0.8355428699494133
0.9203597179951912, 2.1940341127268694, 0.8513728324093646
0.917802349559432, 2.1938907566821393, 0.867241128742926
0.9152086321858697, 2.193619530628544, 0.8831466413133081
0.9125787584516585, 2.193219743248211, 0.8990882367896257
0.9099129209339522, 2.192690716009633, 0.9150647663414858
0.9072113122099045, 2.1920317834554948, 0.9310750658393074
0.9044741248566696, 2.1912422934868925, 0.9471179560602925
0.9017015514514015, 2.190321607643837, 0.963192242899972
0.8988937845712539, 2.1892691013819263, 0.9792967175892481
0.8960510167933808, 2.1880841643450655, 0.995430156916846
0.8931734406949364, 2.1867662006341257, 1.0115913234570957
0.8902612488530739, 2.1853146290714296, 1.0277789658029546
0.8873146338449482, 2.183728883460951, 1.0439918188041821
0.8843337882477121, 2.182008412844114, 1.0602286038105873
0.8813189046385205, 2.180152681751097, 1.0764880289202354
0.8782701755945272, 2.1781611704475146, 1.092768789232549
0.8751877936928857, 2.176033375176393, 1.1090695671061848
0.8720719515107498, 2.1737688083953173, 1.125389032421597
0.8689228416252739, 2.171366999008658, 1.1417258428481962
0.8657406566136118, 2.1688274925947715, 1.1580786441159896
0.8625255890529174, 2.1661498516280786, 1.1744460702916102
0.8592778315203444, 2.1633336556959204, 1.1908267440586255
0.8559975765930471, 2.160378501710094, 1.2072192770020203
0.8526850168481789, 2.157284004112983, 1.223622269896751
0.8493403448628947, 2.154049795078176, 1.2400343130002494
0.8459637532143475, 2.150675524705496, 1.2564539863487814
0.8425554344796912, 2.147160861210344, 1.2728798600575328
0.8391155812360804, 2.1435054911072755, 1.2893104946243132
0.8356443860606683, 2.139709119387719, 1.3057444412367654
0.8321420415306093, 2.1357714696917602, 1.3221802420829536
0.8286087402230575, 2.1316922844739095, 1.3386164306652197
0.8250446747151662, 2.12747132516277, 1.3550515321171779
0.8214500375840897, 2.123108372314539, 1.3714840635237309
0.8178250214069819, 2.1186032257602614, 1.3879125342439798
0.8141698187609967, 2.1139557047467656, 1.4043354462369049
0.8104846222232879, 2.1091656480712127, 1.4207512943896847
0.8067696243710096, 2.104232914209195, 1.4371585668485305
0.8030250177813157, 2.099157381436316, 1.4535557453518977
0.7992509950313601, 2.0939389479431854, 1.469941305565956
0.7954477486982967, 2.0885775319437854, 1.4863137174221681
0.7916154713592793, 2.0830730717771293, 1.5026714454568582
0.7877543555914621, 2.0774255260021772, 1.5190129491526232
0.7838645939719987, 2.071634873485945, 1.5353366832814572
0.7799463790780433, 2.0657011134847614, 1.5516410982494466
0.7759999034867501, 2.0596242657186297, 1.567924640442904
0.7720253597752718, 2.053404370438641, 1.584185752575789
0.7680229405207638, 2.047041488487414, 1.6004228740382822
0.7639928383003791, 2.040535701352497, 1.6166344412463816
0.759935245691272, 2.03388711121273, 1.6328188879923455
0.7558503552705965, 2.027095840977502, 1.6489746457958778
0.751738359615506, 2.0201620343188957, 1.6651001442558866
0.7475994513031552, 2.0130858556966857, 1.6811938114026677
0.7434338229106972, 2.0058674903761564, 1.6972540740503923
0.7392416670152865, 1.99850714443874, 1.7132793581497194
0.735023176194077, 1.9910050447854304, 1.7292680891404133
0.7307785430242221, 1.9833614391329828, 1.745218692303803
0.7265079600828765, 1.9755765960028673, 1.7611295931149336
0.7222116199471935, 1.9676508047029746, 1.776999217594278
0.7178897151943273, 1.9595843753020752, 1.7928259926588388
0.7135424384014317, 1.9513776385970116, 1.808608346472505
0.7091699821456606, 1.9430309460726418, 1.8243447087955076
0.7047725390041681, 1.9345446698545232, 1.8400335113328286
0.700350301554108, 1.9259192026543512, 1.8556731880814117
0.6959034623726342, 1.9171549577081572, 1.8712621756760202
0.691432214036901, 1.9082523687072837, 1.8867989137336023
0.6869367491240616, 1.8992118897221404, 1.9022818451960077
0.6824172602112706, 1.8900339951187806, 1.9177094166708992
0.6778739398756815, 1.8807191794682907, 1.933080078770733
0.6733069806944484, 1.8712679574490496, 1.9483922864496246
0.6687165752447252, 1.8616808637418587, 1.963644499337987
0.6641029161036657, 1.8519584529179913, 1.978835182074764
0.659466195848424, 1.8421012993201866, 1.9939628046371316
0.654806607056154, 1.8321099969366306, 2.009025842667506
0.6501243423040097, 1.8219851592679623, 2.024022777797718
0.6454195941691446, 1.8117274191873485, 2.038952097970213
0.640692555228713, 1.8013374287936772, 2.053812297756115
0.6359434180598691, 1.7908158592579149, 2.068601878670033
0.6311723752397662, 1.7801634006626847, 2.0833193494814437
0.6263796193455584, 1.7693807618351227, 2.097963226522524
0.6215653429543997, 1.7584686701730663, 2.1125320339922844
0.6167297386434442, 1.747427871464644, 2.1270243042568646
0.6118729989898456, 1.7362591297013288, 2.1414385781458494
0.606995316570758, 1.724963226884521, 2.1557734052444775
0.6020968839633352, 1.71354096282574, 2.1700273441815856
0.5971778937447311, 1.7019931549404943, 2.184198962913174
0.5922385384920995, 1.6903206380359086, 2.1982868390014456
0.5872790107825945, 1.6785242640921905, 2.212289559889191
0.58229950319337, 1.6666049020380211, 2.2262057231693895
0.5773002083015802, 1.6545634375199532, 2.2400339368498905
0.5722813186843786, 1.6424007726659096, 2.2537728196130553
0.5672430269189191, 1.6301178258428815, 2.2674210010702223
0.5621855255823559, 1.6177155314089082, 2.2809771220108863
0.5571090072518429, 1.6051948394594497, 2.2944398346464534
0.5520136645045339, 1.5925567155682485, 2.30780780284846
0.5468996899175829, 1.5798021405227893, 2.321079702381135
0.5417672760681436, 1.5669321100544598, 2.334254221128185
0.5366166155333701, 1.5539476345635264, 2.347330059313696
0.5314479008904165, 1.5408497388390394, 2.3603059297170246
0.5262613247164366, 1.5276394617737798, 2.373180557881585
0.5210570795885844, 1.5143178560743706, 2.3859526823174106
0.5158353580840133, 1.5008859879666763, 2.398621054697388
0.5105963527798777, 1.4873449368966098, 2.4111844400470592
0.5053402562533315, 1.473695795226478, 2.4236416169278976
0.5000672610815287, 1.4599396679269978, 2.4359913776139432
0.4947775598416231, 1.446077672265112, 2.4482325282617152
0.4894713451107684, 1.4321109374877443, 2.4603638890733044
0.4841488094661188, 1.418040604501631, 2.4723842944525445
0.47881014548482825, 1.4038678255493662, 2.484292593154189
0.4734555457440507, 1.3895937638818152, 2.4960876484259953
0.4680852028209398, 1.3752195934270306, 2.5077683381436393
0.46269930929264946, 1.3607464984558275, 2.519333554938377
0.4572980577363339, 1.3461756732441692, 2.5307822063173737
0.4518816407291469, 1.3315083217325123, 2.542113214776636
0.4464502508482425, 1.3167456571822802, 2.553325517906458
0.44100408067077457, 1.301888901829607, 2.5644180684893287
0.43554332277389685, 1.2869392865365314, 2.575389834590229
0.43006816973476336, 1.2718980504397976, 2.5862397996392485
0.4245788141305281, 1.2567664405974233, 2.596966962506478
0.419075448538345, 1.2415457116332231, 2.6075703375691024
0.41355826553536806, 1.2262371253794389, 2.6180489547706616
0.40802745769875076, 1.210841950517665, 2.6284018596724126
0.4024832176056473, 1.1953614622182478, 2.6386281134967513
0.39692573783321194, 1.1797969417783245, 2.6487267931626604
0.39135521095859827, 1.1641496762586994, 2.658696991313128
0.38577182955896006, 1.1484209581197322, 2.668537816334512
0.38017578621145165, 1.1326120848564354, 2.6782483923678155
0.3745672734932266, 1.1167243586329547, 2.6878278593118416
0.3689464839814389, 1.1007590859166456, 2.6972753728182037
0.3633136102532428, 1.084717577111922, 2.7065901042781726
0.35766884488579165, 1.0686011461940814, 2.715771240801338
0.35201238045623984, 1.052411110343315, 2.7248179851860725
0.34634440954174106, 1.0361487895790829, 2.7337295558817907
0.3406651247194494, 1.0198155063950853, 2.742505186942989
0.33497471856651867, 1.0034125853950129, 2.7511441279750772
0.3292733836601028, 0.9869413529293027, 2.7596456440719894
0.3235613125773558, 0.9704031367331046, 2.7680090157455908
0.31783869789543145, 0.9537992655656649, 2.7762335388468853
0.3121057321914837, 0.9371310688513628, 2.7843185244790405
0.3063626080426666, 0.9203998763225989, 2.7922632989022467
0.3006095180261339, 0.9036070176647696, 2.800067203430437
0.2948466547190398, 0.8867538221635451, 2.807729594319889
0.2890742106985378, 0.86984161835468, 2.8152498426497496
0.28329237854178213, 0.8528717336765852, 2.8226273341945123
0.27750135082592686, 0.8358454941258912, 2.8298614692884856
0.2717013201281254, 0.8187642239162327, 2.836951662682313
0.265892479025532, 0.8016292451404989, 2.8438973433915775
0.2600750200953007, 0.7844418774367805, 2.850697954537556
0.2542491359145853, 0.7672034376582519, 2.8573529531801856
0.24841501906053962, 0.749915239547239, 2.8638618101432995
0.24257286211031753, 0.7325785934137103, 2.870224009832213
0.23672285764107315, 0.715194805818445, 2.876439050043726
0.23086519822996043, 0.6977651792611171, 2.88250644176863
0.22500007645413325, 0.6802910118735592, 2.888425708986804
0.21912768489074544, 0.6627735971184484, 2.8941963884549917
0.21324821611695072, 0.6452142234936793, 2.8998180294873537
0.20736186270990342, 0.6276141742426753, 2.9052901937289057
0.20146881724675733, 0.6099747270708968, 2.910612454921946
0.19556927230466642, 0.5922971538688138, 2.915784398665584
0.18966342046078452, 0.5745827204416002, 2.920805622168504
0.18375145429226541, 0.5568326862458165, 2.9256757339950705
0.1778335663762632, 0.5390483041333489, 2.930394353804929
0.1719099492899319, 0.5212308201028693, 2.9349611120862242
0.16598079561042542, 0.503381473059086, 2.939375649882593
0.1600462979148975, 0.4855014945800575, 2.9436376185140762
0.15410664878050187, 0.4675921086928425, 2.9477466792921105
0.14816204078439282, 0.4496545316577534, 2.9517025032287676
0.14221266650372438, 0.431689971761489, 2.955504770740405
0.13625871851565025, 0.41369962911942093, 2.9591531713459167
0.13030038939732433, 0.3956846954873113, 2.962647403359758
0.12433787172590047, 0.3776463540827295, 2.965987173579947
0.11837135807853269, 0.35958577941645276, 2.969172196971235
0.11240104103237511, 0.34150413713411243, 2.972202196343651
0.10642711316458148, 0.32340258386837334, 2.9750769020266445
0.10044976705230574, 0.30528226710191403, 2.9777960515390305
0.09446919527270162, 0.28714432504147863, 2.980359389254984
0.0884855904029232, 0.26898988650328143, 2.9827666660663015
0.08249914502012454, 0.2508200708100243, 2.9850176390411876
0.07651005170145939, 0.23263598769980093, 2.9871120710798054
0.0705185030240818, 0.21443873724715867, 2.9890497305668577
0.06452469156514554, 0.19622940979657402, 2.990830391021464
0.05852880990180451, 0.17800908590861148, 2.992453830744599
0.05253105061121291, 0.15977883631902282, 2.993919832464382
0.04653160627052447, 0.1415397219110353, 2.9952281829795075
0.04053066945689321, 0.12329279370109597, 2.9963786728011073
0.03452843274747272, 0.1050390928382994, 2.9973710957933517
0.028525088719417252, 0.08677965061776437, 2.9982052488131044
0.022520829949880722, 0.0685154885081752, 2.998880931348948
0.016515849016016965, 0.05024761819373538, 2.9993979451599118
0.010510338494979815, 0.0319770416307545, 2.9997560939142316
0.004504490963923552, 0.013704751119090426, 2.9999551828284936
-0.0015015009999984896, -0.004568270618980344, 2.9999950193104974
-0.007507444819631809, -0.022841048986944383, 2.999875532974612
-0.013513147917822599, -0.04111260596141982, 2.9995968898750127
-0.019518417717417524, -0.05938195403928931, 2.999159284156048
-0.025523061641261863, -0.07764809610233396, 2.998562911330238
-0.03152688711220214, -0.09591002533829496, 2.99780796863881
-0.037529701553084216, -0.114166725176881, 2.9968946554127927
-0.043531312386754284, -0.13241716924052954, 2.9958231734343155
-0.049531527036058565, -0.15066032130968604, 2.9945937272977705
-0.055530152923842835, -0.16889513530237316, 2.9932065247705166
-0.06152699747295354, -0.18712055526782212, 2.9916617771527863
-0.0675218681062362, -0.20533551539391312, 2.989959699636496
-0.07351457224653718, -0.2235389400281951, 2.988100511662638
-0.07950491731670309, -0.2417297437122211, 2.9860844372769537
-0.08549271073957909, -0.25990683122894825, 2.9839117054836075
-0.09147775993801208, -0.2780690976629599, 2.9815825505965634
-0.09745987233484732, -0.2962154284732234, 2.9790972125883908
-0.10343885535293132, -0.3143446995781459, 2.976455937436228
-0.10941451641511055, -0.33245577745264376, 2.973658977464649
-0.11538666294423039, -0.3505475192369629, 2.970706591685171
-0.12135510236313746, -0.3686187728569922, 2.9675990461321495
-0.12731964209467728, -0.38666837715577196, 2.964336614194848
-0.13328008956169626, -0.4046951620359581, 2.9609195769454133
-0.13923625218704083, -0.42269794861293686, 2.9573482234625628
-0.14518793739355626, -0.4406755493783342, 2.953622851150754
-0.1511349526040894, -0.45862676837364974, 2.9497437660546213
-0.15707710524148574, -0.4765504013737155, 2.9457112831684893
-0.16301420272859182, -0.4944452360797353, 2.9415257267407577
-0.16894605248825326, -0.5123100523216023, 2.9371874305729744
-0.17487246194331638, -0.5301436222692455, 2.932696738313411
-0.1807932385166275, -0.547944710652711, 2.9280540037449683
-0.18670818963103225, -0.5657120749907116, 2.9232595910672465
-0.1926171227093772, -0.5834444658273833, 2.9183138751726103
-0.19851984517450783, -0.6011406269769572, 2.9132172419161018
-0.2044161644492704, -0.6187992957760986, 2.9079700883790514
-0.21030588795651153, -0.6364192033436298, 2.9025728231262367
-0.21618882311907653, -0.6539990748473684, 2.8970258664564708
-0.22206477735981223, -0.6715376297778363, 2.891329650646466
-0.2279335581015639, -0.689033582228543, 2.885484620187872
-0.233794972767178, -0.7064856411826145, 2.8794912320173602
-0.239648828779501, -0.7238925108054823, 2.873349955739637
-0.24549493356137825, -0.7412528907433824, 2.8670612738432935
-0.25133309453565655, -0.7585654764274189, 2.860625681909382
-0.2571631191251813, -0.7758289593829129, 2.8540436888126264
-0.2629848147527987, -0.7930420275438157, 2.8473158169151738
-0.2687979888413556, -0.8102033655719079, 2.8404426022528133
-0.2746024488136969, -0.8273116551805447, 2.833424594713576
-0.28039800209266985, -0.8443655754627246, 2.826262358208635
-0.2861844561011194, -0.8613638032231883, 2.818956470835464
-0.2919616182618924, -0.8783050133143635, 2.8115075250331536
-0.2977292959978348, -0.895187878975872, 2.803916127729863
-0.3034872967317923, -0.9120110721773824, 2.796182900482332
-0.3092354278866116, -0.9287732639645775, 2.788308479607409
-0.3149734968851381, -0.9454731248079845, 2.7802935163055595
-0.3207013111502186, -0.9621093249544681, 2.772138676776301
-0.32641867810469843, -0.9786805347811223, 2.763844642325556
-0.3321254051714241, -0.9951854251513752, 2.755412109464854
-0.3378212997732417, -1.0116226677730498, 2.7468417900024
-0.3435061693329971, -1.0279909355581829, 2.7381344111259573
-0.34917982127353675, -1.0442889029843752, 2.7292907154775428
-0.35484206301770604, -1.0605152464574572, 2.720311461219918
-0.3604927019883517, -1.076668644675265, 2.71119742209487
-0.36613154560831973, -1.0927477789923024, 2.7019493874732725
-0.3717584013004558, -1.108751333785093, 2.692568162396942
-0.37737307648760654, -1.1246779968180176, 2.6830545676122677
-0.38297537859261743, -1.1405264596094158, 2.673409439595652
-0.3885651150383348, -1.1562954177977778, 2.663633630570753
-0.39414209324760524, -1.1719835715078055, 2.6537280085175534
-0.39970612064327393, -1.1875896257161553, 2.643693457173277
-0.4052570046481877, -1.2031122906166791, 2.633530876025164
-0.41079455268519205, -1.2185502819849472, 2.623241180295156
-0.4163185721771333, -1.233902321541898, 2.6128253009164926
-0.42182887054685786, -1.2491671373163973, 2.602284184502277
-0.4273252552172111, -1.2643434640065412, 2.591618793306037
-0.4328075336110399, -1.279430043339521, 2.580830105174324
-0.4382755131511896, -1.294425624429862, 2.5699191134914
-0.44372900126050663, -1.3093289641358732, 2.5588868271160496
-0.44916780536183726, -1.3241388274141204, 2.5477342703105834
-0.4545917328780271, -1.3388539876717616, 2.536462482662075
-0.46000059123192266, -1.3534732271165748, 2.525072518995896
-0.46539418784636966, -1.3679953371045037, 2.513565449281608
-0.4707723301442143, -1.382419118484572, 2.5019423585312768
-0.47613482554830305, -1.3967433819409976, 2.4902043466902692
-0.4814814814814814, -1.4109669483323386, 2.478352528520623
-0.4868121053665959, -1.4250886490275405, 2.466388033477033
-0.4921265046264921, -1.4391073262387004, 2.4543120055755603
-0.4974244866840163, -1.4530218333504297, 2.4421256032551146
-0.502705858962015, -1.466831035245638, 2.4298299992318206
-0.5079704288833337, -1.480533808627613, 2.4174263803463294
-0.513218003870819, -1.4941290423382432, 2.404915947404177
-0.5184483913473162, -1.507615637672254, 2.392299915009268
-0.5236613987356723, -1.520992508687306, 2.379579511390591
-0.5288568334587327, -1.5342585825098278, 2.366755978222252
-0.5340345029393435, -1.5474127996364606, 2.3538305704369207
-0.5391942146003514, -1.560454114230971, 2.3408045560327997
-0.5443357758646019, -1.5733814944165037, 2.3276792158742166
-0.5494589941549415, -1.5861939225630792, 2.3144558434859306
-0.5545636768942156, -1.5988903955701699, 2.3011357448412877
-0.5596496315052708, -1.611469925144285, 2.287720238144301
-0.5647166654109532, -1.623931538071408, 2.2742106536058015
-0.5697645860341087, -1.636274276484206, 2.260608333213743
-0.5747932007975837, -1.6484971981238796, 2.2469146304978023
-0.5798023171242237, -1.6605993765965579, 2.2331309102883736
-0.5847917424368749, -1.6725799016241365, 2.219258548470088
-0.589761284158384, -1.6844378792894499, 2.2052989317299736
-0.5947107497115963, -1.6961724322756841, 2.1912534573003914
-0.5996399465193586, -1.7077827000999448, 2.177123532696851
-0.6045486820045163, -1.7192678393408656, 2.162910575450857
-0.6094367635899156, -1.7306270238601948, 2.1486160128379015
-0.6143039986984031, -1.7418594450182632, 2.1342412816007297
-0.6191501947528244, -1.7529643118832354, 2.1197878276680298
-0.623975159176026, -1.7639408514340988, 2.10525710586865
-0.6287786993908531, -1.7747883087572758, 2.090650579641516
-0.6335606228201526, -1.785505947236824, 2.075969720741343
-0.6383207368867704, -1.7960930487381161, 2.0612160089403155
-0.6430588490135524, -1.8065489137849613, 2.0463909317258606
-0.6477747666233451, -1.8168728617300902, 2.031495983994639
-0.6524682971389939, -1.827064230918944, 2.016532667742926
-0.6571392479833454, -1.8371223788467184, 2.001502491753491
-0.6617874265792455, -1.8470466823085872, 1.9864069712791568
-0.6664126403495402, -1.8568365375430802, 1.9712476277231368
-0.6710146967170759, -1.8664913603685453, 1.9560259883163376
-0.6755934031046982, -1.87601058631266, 1.9407435857917494
-0.6801485669352537, -1.8853936707349532, 1.9254019580560653
-0.6846799956315879, -1.8946400889422808, 1.9100026478587064
-0.6891874966165472, -1.9037493362972473, 1.8945472024583578
-0.6936708773129779, -1.9127209283195108, 1.879037173287204
-0.6981299451437257, -1.921554400779962, 1.8634741156129853
-0.7025645075316369, -1.9302493097877451, 1.8478595881990327
-0.7069743718995573, -1.9388052318700928, 1.8321951529624385
-0.7113593456703332, -1.9472217640449643, 1.8164823746304906
-0.7157192362668109, -1.9554985238864617, 1.8007228203955452
-0.720053851111836, -1.9636351495830087, 1.7849180595684784
-0.724362997628255, -1.9716312999882954, 1.769069663230846
-0.7286464832389133, -1.9794866546649594, 1.7531792038859477
-0.732904115366658, -1.987200913921025, 1.7372482551088897
-0.7371357014343345, -1.9947737988390712, 1.7212783911958407
-0.7413410488647888, -2.002205051298152, 1.7052711868126107
-0.7455199650808675, -2.0094944339884657, 1.689228216642693
-0.749672257505416, -2.0166417304187743, 1.6731510550349482
-0.7537977335612809, -2.0236467449166, 1.6570412756510406
-0.7578962006713083, -2.03050930262119, 1.6409004511128085
-0.7619674662583438, -2.037229249469294, 1.624730152649696
-0.766011337745234, -2.043806452173748, 1.6085319497463964
-0.7700276225548245, -2.050240798194899, 1.5923074097908674
-0.7740161281099618, -2.0565321957049068, 1.5760580977228345
-0.7779766618334917, -2.0626805735449234, 1.5597855756829646
-0.7819090311482603, -2.068685881175209, 1.5434914026628266
-0.7858130434771141, -2.0745480886182097, 1.5271771341557876
-0.7896885062428985, -2.0802671863946203, 1.5108443218089995
-0.7935352268684599, -2.0858431854524957, 1.4944945130766008
-0.7973530127766447, -2.0912761170894356, 1.4781292508742863
-0.8011416713902985, -2.096566032867892, 1.4617500732353854
-0.8049010101322676, -2.101713004523656, 1.4453585129685673
-0.8086308364253978, -2.106717123867558, 1.4289560973173419
-0.8123309576925356, -2.1115785026804534, 1.4125443476214636
-0.8160011813565268, -2.116297272601532, 1.3961247789803966
-0.8196413148402173, -2.1208735850100227, 1.379698899918951
-0.8232511655664538, -2.1253076109003484, 1.3632682120552462
-0.826830540958082, -2.1295995407507915, 1.346834209771123
-0.8303792484379479, -2.1337495843857446, 1.3303983798851164
-0.8338970954288977, -2.1377579708316072, 1.3139622013281544
-0.8373838893537772, -2.1416249481663954, 1.2975271448220767
-0.840839437635433, -2.1453507833631544, 1.281094672561108
-0.8442635476967105, -2.1489357621272247, 1.2646662378964288
-0.8476560269604566, -2.152380188727462, 1.248243285023925
-0.8510166828495167, -2.1556843858214694, 1.231827248675286
-0.8543453227867371, -2.1588486942749445, 1.2154195538125259
-0.857641754194964, -2.1618734729752074, 1.1990216153260735
-0.8609057844970434, -2.1647590986390024, 1.1826348377365434
-0.8641372211158215, -2.1675059656146622, 1.1662606149002825
-0.8673358714741439, -2.1701144856787247, 1.149900329718833
-0.8705015429948572, -2.1725850878270854, 1.1335553538523973
-0.8736340431008073, -2.174918218060791, 1.1172270474374266
-0.8767331792148401, -2.177114339166561, 1.100916758808447
-0.879798758759802, -2.1791739304921336, 1.084625824224199
-0.8828305891585388, -2.181097487716542, 1.0683555675982406
-0.8858284778338967, -2.182885522615413, 1.0521073002340624
-0.8887922322087218, -2.1845385628213934, 1.0358823205648564
-0.89172165970586, -2.1860571515798086, 1.0196819138980207
-0.894616567748158, -2.187441847499656, 1.0035073521644882
-0.8974767637584609, -2.1886932243000414, 0.9873598936729923
-0.9003020551596157, -2.189811870552162, 0.9712407828693402
-0.9030922493744675, -2.190798389416953, 0.9551512501008096
-0.9058471538258633, -2.1916533983785036, 0.9390925113857254
-0.9085665759366489, -2.1923775289733483, 0.9230657681883411
-0.9112503231296701, -2.1929714265157587, 0.9070722071990805
-0.9138982028277731, -2.1934357498191437, 0.8911130001202294
-0.9165100224538042, -2.19377117091367, 0.8751893034571699
-0.919085589430609, -2.193978374760224, 0.8593022583152246
-0.9216247111810343, -2.1940580589608385, 0.8434529902021932
-0.9241271951279256, -2.1940109334656848, 0.8276426088366576
-0.9265928486941294, -2.193837720276769, 0.811872207962127
-0.9290214793024911, -2.1935391531484467, 0.7961428651671023
-0.9314128943758575, -2.1931159772848683, 0.780455641711114
-0.9337669013370742, -2.1925689490344933, 0.7648115823568219
-0.9360833076089874, -2.1918988355817834, 0.7492117152082349
-0.9383619206144436, -2.1911064146362076, 0.7336570515551075
-0.9406025477762883, -2.190192474118676, 0.7181485857235919
-0.9428049965173676, -2.1891578118455346, 0.7026872949331927
-0.9449690742605278, -2.188003235210247, 0.6872741391600972
-0.9470945884286153, -2.186729560862881, 0.6719100610069297
-0.9491813464444755, -2.185337614387542, 0.6565959855789834
-0.9512291557309549, -2.1838282299778675, 0.6413328203670019
-0.9532378237108994, -2.1822022501107208, 0.6261214551365397
-0.9552071578071553, -2.1804605252182094, 0.6109627618239704
-0.9571369654425683, -2.1786039133581587, 0.5958575944391872
-0.9590270540399851, -2.17663327988317, 0.5808067889750324
-0.9608772310222511, -2.1745494971083956, 0.5658111633235278
-0.9626873038122125, -2.1723534439781607, 0.5508715171989175
-0.9644570798327158, -2.1700460057315656, 0.5359886320675947
-0.9661863665066066, -2.167628073567198, 0.5211632710849354
-0.9678749712567315, -2.165100544307089, 0.5063961790390832
-0.9695227015059362, -2.162464320060047, 0.49168808230173255
-0.9711293646770665, -2.159720307884497, 0.47703968878592434
-0.9726947681929692, -2.1568694194509717, 0.46245168791091
-0.9742187194764897, -2.1539125707043705, 0.4479247505741119
-0.9757010259504747, -2.150850681526134, 0.4334595291301943
-0.9771414950377698, -2.147684675396465, 0.4190566573773008
-0.9785399341612212, -2.144415479056727, 0.40471675055045914
-0.9798961507436749, -2.1410440221721627, 0.3904404053222029
-0.9812099522079775, -2.1375712369950546, 0.37622819981041106
-0.9824811459769743, -2.1339980580284794, 0.36208069359340833
-0.9837095394735117, -2.130325421690781, 0.3479984277323327
-0.9848949401204361, -2.126554265980898, 0.33398192480078726
-0.986037155340593, -2.1226855301446874, 0.32003168892181133
-0.987135992556829, -2.1187201543423755, 0.30614820581215274
-0.9881912591919898, -2.114659079317274, 0.29233194283388864
-0.9892027626689216, -2.110503246065898, 0.278583349053382
-0.9901703104104705, -2.106253595509618, 0.26490285530758334
-0.9910937098394828, -2.1019110681679956, 0.2512908742777002
-0.991972768378804, -2.0974766038339148, 0.237747800570214
-0.9928072934512808, -2.0929511412506736, 0.2242740108052668
-0.9935970924797591, -2.088335617791151, 0.21086986371240476
-0.9943419728870847, -2.0836309691391968, 0.19753570023367367
-0.9950417420961037, -2.0788381289733753, 0.1842718436340715
-0.9956962075296627, -2.0739580286532036, 0.1710785996193347
-0.9963051766106072, -2.068991596908012, 0.15795625646105668
-0.9968684567617836, -2.0639397595285787, 0.14490508512912587
-0.997385855406038, -2.0588034390616508, 0.13192533943144924
-0.997857179966216, -2.053583554507511, 0.11901725616096501
-0.9982822378651641, -2.048281021020707, 0.1061810552498971
-0.9986608365257287, -2.042896749614088, 0.09341693993124363
-0.998992783370755, -2.0374316468662785, 0.08072509690746103
-0.9992778858230897, -2.031886614632724, 0.06810569652630165
-0.9995159513055788, -2.0262625497604416, 0.05555889296378755
-0.9997067872410683, -2.0205603438066086, 0.043084824414256345
-0.9998502010524043, -2.0147808827611176, 0.030683613287455877
-0.999946000162433, -2.008925046773234, 0.018355366412617646
-0.9999939919940002, -2.0029937098824804, 0.006100175249476185
-0.9999939919940002, -1.9969877397538838, -0.006081883893828657
-0.9999460001624331, -1.9909079974485262, -0.018190746262881315
-0.9998502010524044, -1.9847553374510432, -0.03022634657974501
-0.9997067872410684, -1.9785306079487066, -0.0421886156991118
-0.9995159513055789, -1.9722346511357678, -0.05407748067736744
-0.9992778858230899, -1.9658683035118252, -0.06589286485056883
-0.998992783370755, -1.9594323961741016, -0.07763468792098069
-0.9986608365257287, -1.9529277551034925, -0.08930286605186719
-0.9982822378651641, -1.9463552014442966, -0.1008973119701686
-0.9978571799662161, -1.9397155517775118, -0.11241793507676223
-0.9973858554060377, -1.9330096183876024, -0.12386464156398186
-0.9968684567617836, -1.926238209522664, -0.13523733454005094
-0.9963051766106072, -1.9194021296478792, -0.14653591416014838
-0.9956962075296628, -1.9125021796922201, -0.15776027776375087
-0.995041742096104, -1.9055391572883142, -0.16891032001797185
-0.9943419728870847, -1.898513857005417, -0.17998593306657165
-0.9935970924797591, -1.8914270705754477, -0.19098700668433885
-0.9928072934512808, -1.8842795871120273, -0.201913428436558
-0.9919727683788043, -1.8770721933224965, -0.21276508384323806
-0.9910937098394829, -1.8698056737128705, -0.22354185654784298
-0.9901703104104704, -1.8624808107857047, -0.23424362849021832
-0.9892027626689217, -1.8550983852308587, -0.2448702800834369
-0.9881912591919898, -1.8476591761091274, -0.25542169039429835
-0.9871359925568289, -1.84016396102875, -0.26589773732719346
-0.9860371553405931, -1.8326135163147783, -0.2762982978110775
-0.984894940120436, -1.8250086171713111, -0.28662324798928984
-0.9837095394735117, -1.817350037836607, -0.2968724634119579
-0.9824811459769743, -1.8096385517310691, -0.30704581923074903
-0.9812099522079772, -1.8018749315981455, -0.31714319039570416
-0.9798961507436751, -1.7940599496381422, -0.32716445185392223
-0.9785399341612212, -1.786194377634987, -0.3371094787498674
-0.9771414950377698, -1.778278987075976, -0.3469781466270478
-0.9757010259504747, -1.7703145492645238, -0.3567703316308693
-0.9742187194764901, -1.7623018354259745, -0.3664859107124125
-0.9726947681929694, -1.7542416168065007, -0.3761247618329433
-0.9711293646770665, -1.7461346647651443, -0.3856867641689342
-0.9695227015059362, -1.7379817508590523, -0.3951717983173907
-0.9678749712567315, -1.7297836469219443, -0.4045797465013007
-0.9661863665066067, -1.7215411251358936, -0.41391049277498376
-0.9644570798327159, -1.713254958096461, -0.42316392322917573
-0.9626873038122125, -1.7049259188712544, -0.4323399261956542
-0.9608772310222511, -1.6965547810519814, -0.44143839245122113
-0.9590270540399851, -1.6881423188000562, -0.45045921542088163
-0.9571369654425687, -1.6796893068858405, -0.4594022913800343
-0.9552071578071555, -1.6711965207215909, -0.46826751965551866
-0.9532378237108995, -1.662664736388188, -0.4770548028253532
-0.9512291557309549, -1.6540947306557308, -0.4857640469170123
-0.9491813464444755, -1.6454872809980696, -0.4943951616040957
-0.9470945884286155, -1.6368431656013733, -0.502948060401231
-0.9449690742605279, -1.6281631633668079, -0.5114226608570845
-0.9428049965173677, -1.6194480539074234, -0.5198188847453238
-0.9406025477762883, -1.610698617539325, -0.5281366582534254
-0.9383619206144436, -1.6019156352672368, -0.5363759121691705
-0.9360833076089877, -1.5930998887645427, -0.5445365820647263
-0.9337669013370742, -1.5842521603478983, -0.5526186084781849
-0.9314128943758575, -1.5753732329465218, -0.5606219370924374
-0.9290214793024912, -1.5664638900662444, -0.5685465189112913
-0.9265928486941294, -1.5575249157484363, -0.5763923104327004
-0.9241271951279257, -1.5485570945239053, -0.58415927381902
-0.9216247111810343, -1.5395612113618617, -0.5918473770641806
-0.9190855894306091, -1.5305380516140668, -0.5994565941576854
-0.9165100224538043, -1.521488400954256, -0.6069869052453449
-0.9138982028277732, -1.5124130453129532, -0.6144382967866506
-0.9112503231296704, -1.503312770807778, -0.6218107617087105
-0.9085665759366487, -1.4941883636693503, -0.6291042995566675
-0.9058471538258634, -1.4850406101629112, -0.6363189166405108
-0.9030922493744676, -1.475870296505752, -0.6434546261782266
-0.9003020551596157, -1.466678208780579, -0.6505114484351981
-0.8974767637584612, -1.457465132844913, -0.6574894108598006
-0.8946165677481577, -1.448231854236638, -0.6643885482151224
-0.8917216597058601, -1.438979158075813, -0.6712089027067524
-0.8887922322087219, -1.4297078289628482, -0.6779505241065819
-0.8858284778338967, -1.4204186508731744, -0.6846134698725577
-0.8828305891585391, -1.4111124070485042, -0.6911978052643442
-0.8797987587598021, -1.4017898798848007, -0.6977036034548447
-0.8767331792148402, -1.3924518508170767, -0.7041309456375331
-0.8736340431008074, -1.3830991002011175, -0.7104799211295636
-0.8705015429948573, -1.3737324071922625, -0.7167506274706112
-0.867335871474144, -1.3643525496213436, -0.7229431705174117
-0.8641372211158214, -1.354960303867897, -0.7290576645339708
-0.8609057844970434, -1.3455564447307728, -0.7350942322774047
-0.8576417541949641, -1.3361417452962299, -0.7410530050793972
-0.8543453227867375, -1.3267169768036593, -0.7469341229232369
-0.8510166828495169, -1.317282908509028, -0.7527377345164232
-0.8476560269604566, -1.3078403075461615, -0.7584639973588145
-0.8442635476967106, -1.2983899387859839, -0.764113077806306
-0.840839437635433, -1.2889325646938101, -0.7696851511300288
-0.8373838893537774, -1.2794689451848225, -0.7751804015710495
-0.8338970954288978, -1.2699998374778294, -0.7805990223905677
-0.8303792484379476, -1.260525995947419, -0.7859412159156053
-0.826830540958082, -1.251048171974624, -0.7912071935801828
-0.823251165566454, -1.2415671137961888, -0.7963971759619854
-0.8196413148402177, -1.2320835663525767, -0.8015113928145141
-0.816001181356527, -1.2225982711347996, -0.8065500830947289
-0.8123309576925355, -1.2131119660301857, -0.8115134949861944
-0.8086308364253979, -1.2036253851672032, -0.816401885917724
-0.8049010101322677, -1.1941392587594208, -0.8212155225775526
-0.8011416713902986, -1.1846543129487368, -0.8259546809230279
-0.7973530127766449, -1.175171269647964, -0.8306196461858549
-0.79353522686846, -1.1656908463828775, -0.8352107128728984
-0.7896885062428985, -1.1562137561338335, -0.8397281847625664
-0.7858130434771142, -1.1467407071770466, -0.8441723748968002
-0.7819090311482605, -1.1372724029256405, -0.8485436055686871
-0.777976661833492, -1.127809541770565, -0.8528422083057237
-0.7740161281099618, -1.118352816921471, -0.8570685238487614
-0.7700276225548246, -1.1089029162476578, -0.8612229021266532
-0.766011337745234, -1.0994605221191618, -0.8653057022266466
-0.761967466258344, -1.090026311248106, -0.8693172923605434
-0.757896200671308, -1.0806009545303916, -0.8732580498266647
-0.753797733561281, -1.071185116887825, -0.8771283609676606
-0.749672257505416, -1.0617794571107637, -0.880928621124202
-0.7455199650808676, -1.0523846277013873, -0.8846592345845878
-0.741341048864789, -1.0430012747176638, -0.8883206145303186
-0.7371357014343344, -1.0336300376181065, -0.8919131829776729
-0.732904115366658, -1.024271549107406, -0.8954373707153326
-0.7286464832389135, -1.0149264349830103, -0.898893617238107
-0.7243629976282551, -1.005595313982752, -0.9022823706767957
-0.7200538511118363, -0.9962787976335892, -0.9056040877242483
-0.7157192362668108, -0.9869774901015393, -0.9088592335576624
-0.7113593456703333, -0.9776919880428953, -0.912048281757178
-0.7069743718995574, -0.968422880456774, -0.9151717142208224
-0.702564507531637, -0.9591707485391016, -0.9182300210758518
-0.6981299451437261, -0.9499361655380824, -0.9212237005865536
-0.6936708773129778, -0.9407196966112332, -0.9241532590585626
-0.6891874966165472, -0.9315218986840509, -0.9270192107397484
-0.684679995631588, -0.9223433203103707, -0.9298220777177352
-0.6801485669352538, -0.9131845015344924, -0.9325623898141129
-0.6755934031046985, -0.9040459737551281, -0.935240684475399
-0.6710146967170758, -0.8949282595912362, -0.9378575066608141
-0.6664126403495403, -0.8858318727498005, -0.9404134087269381
-0.6617874265792456, -0.8767573178956044, -0.9429089503093027
-0.6571392479833456, -0.8677050905230697, -0.9453446982009913
-0.6524682971389942, -0.8586756768301982, -0.9477212262283101
-0.6477747666233449, -0.8496695535946748, -0.9500391151235936
-0.6430588490135525, -0.8406871880521858, -0.9522989523952148
-0.6383207368867705, -0.831729037776983, -0.9545013321948634
-0.6335606228201529, -0.822795550564758, -0.9566468551821666
-0.6287786993908535, -0.8138871643178609, -0.9587361283867102
-0.6239751591760255, -0.8050043069328976, -0.9607697650675406
-0.6191501947528245, -0.7961473961907666, -0.9627483845702055
-0.6143039986984031, -0.7873168396491375, -0.9646726121814135
-0.6094367635899158, -0.7785130345374454, -0.9665430789813734
-0.6045486820045166, -0.7697363676544045, -0.9683604216938893
-0.5996399465193583, -0.7609872152680834, -0.9701252825342778
-0.5947107497115963, -0.7522659430185756, -0.9718383090551796
-0.589761284158384, -0.7435729058232743, -0.973500153990339
-0.5847917424368754, -0.7349084477848009, -0.9751114750964108
-0.5798023171242239, -0.7262729021015853, -0.9766729349928823
-0.5747932007975833, -0.717666590981134, -0.9781852010001634
-0.5697645860341088, -0.7090898255560034, -0.9796489449759263
-0.5647166654109533, -0.700542905802478, -0.9810648431497639
-0.5596496315052713, -0.6920261204619957, -0.9824335759562272
-0.5545636768942162, -0.683539746965304, -0.983755827866326
-0.5494589941549413, -0.6750840513593768, -0.9850322872175502
-0.544335775864602, -0.6666592882370923, -0.9862636460424863
-0.5391942146003516, -0.6582657006696686, -0.9874505998960953
-0.5340345029393441, -0.6499035201418852, -0.9885938476817223
-0.528856833458733, -0.6415729664900653, -0.9896940914759002
-0.5236613987356722, -0.6332742478428338, -0.990752036352021
-0.5184483913473164, -0.6250075605646505, -0.991768390202936
-0.513218003870819, -0.6167730892020962, -0.9927438635625497
-0.5079704288833341, -0.6085710064329326, -0.9936791694264782
-0.5027058589620154, -0.6004014730179046, -0.9945750230718243
-0.4974244866840164, -0.5922646377552874, -0.9954321418761473
-0.4921265046264922, -0.5841606374381625, -0.9962512451356743
-0.486812105366596, -0.5760895968144057, -0.9970330538828266
-0.4814814814814818, -0.5680516285493766, -0.9977782907031115
-0.47613482554830355, -0.5600468331912948, -0.9984876795514454
-0.4707723301442144, -0.5520752991392696, -0.9991619455679592
-0.46539418784636977, -0.5441371026139796, -0.9998018148933518
-0.4600005912319228, -0.5362323076309626, -1.0004080144838348
-0.45459173287802745, -0.5283609659765062, -1.0009812719257347
-0.44916780536183765, -0.5205231171861007, -1.0015223152497978
-0.4437290012605067, -0.5127187885254366, -1.002031872745248
-0.43827551315118973, -0.5049479949739102, -1.0025106727736528
-0.43280753361104, -0.4972107392106016, -1.0029594435826463
-0.4273252552172116, -0.48950701160271, -1.0033789131195465
-0.4218288705468576, -0.481836790196392, -1.0037698088449245
-0.4163185721771334, -0.4742000407099847, -1.0041328575461597
-0.41079455268519216, -0.4665967165295556, -1.0044687851510297
-0.4052570046481878, -0.45902675870676896, -1.0047783165413704
-0.39970612064327427, -0.45149009595900264, -1.0050621753668485
-0.39414209324760485, -0.4439866446716896, -1.0053210838588793
-0.3885651150383349, -0.4365163089028403, -1.005555762644729
-0.38297537859261743, -0.4290789803896936, -1.0057669305618329
-0.3773730764876066, -0.4216745385574636, -1.0059553044723577
-0.3717584013004561, -0.4143028505301344, -1.0061215990780425
-0.36613154560831934, -0.40696377114324694, -1.0062665267353417
-0.36049270198835176, -0.39965714295864624, -1.0063907972708945
-0.3548420630177061, -0.3923827962811216, -1.006495117797352
-0.34917982127353675, -0.3851405491769143, -1.0065801925295683
-0.34350616933299744, -0.37793020749401957, -1.0066467226011917
-0.3378212997732416, -0.3707515648842493, -1.0066954058816564
-0.33212540517142414, -0.36360440282699963, -1.0067269367936038
-0.3264186781046985, -0.35648849065466354, -1.006742006130736
-0.32070131115021866, -0.3494035855796509, -1.0067413008761146
-0.31497349688513854, -0.3423494327229538, -1.006725504020913
-0.3092354278866114, -0.3353257651442055, -1.00669529438363
-0.3034872967317924, -0.3283323038731887, -1.0066513464297615
-0.2977292959978348, -0.32136875794272074, -1.0065943300919395
-0.2919616182618927, -0.31443482442288667, -1.0065249105905307
-0.28618445610111976, -0.3075301884565473, -1.0064437482546928
-0.2803980020926695, -0.3006545232960822, -1.006351498343884
-0.274602448813697, -0.2938074903413081, -1.0062488108698147
-0.26879798884135564, -0.28698873917851647, -1.006136330418832
-0.2629848147527991, -0.28019790762059, -1.0060146959747214
-0.2571631191251815, -0.2734346217481347, -1.0058845407419146
-0.25133309453565633, -0.2666984959515808, -1.0057464919690762
-0.2454949335613783, -0.25998913297420334, -1.0056011707730605
-0.23964882877950106, -0.2533061239560033, -1.005449191963205
-0.23379497276717842, -0.24664904847841396, -1.0052911638659374
-0.22793355810156424, -0.24001747460977454, -1.0051276881496736
-0.22206477735981195, -0.2334109589515229, -1.0049593596499653
-0.21618882311907658, -0.22682904668506745, -1.004786766194877
-0.2103058879565116, -0.2202712716192857, -1.0046104884305445
-0.2044161644492708, -0.213737156238611, -1.0044310996468855
-0.19851984517450816, -0.20722621175166256, -1.004249165603419
-0.1926171227093769, -0.20073793814037733, -1.0040652443551474
-0.1867081896310323, -0.19427182420960665, -1.003879886078464
-0.18079323851662757, -0.18782734763713294, -1.0036936328970287
-0.1748724619433168, -0.18140397502408412, -1.003507018707571
-0.16894605248825373, -0.17500116194569254, -1.0033205690055595
-0.16301420272859155, -0.168618353002385, -1.0031348007106906
-0.1570771052414858, -0.1622549818711634, -1.0029502219921347
-0.15113495260408946, -0.1559104713572472, -1.0027673320934825
-0.14518793739355657, -0.14958423344595895, -1.0025866211573313
-0.13923625218704117, -0.14327566935482688, -1.0024085700494427
-0.13328008956169632, -0.1369841695858799, -1.002233650182415
-0.12731964209467733, -0.13070911397812826, -1.0020623233387922
-0.12135510236313751, -0.12444987176019985, -1.0018950414935475
-0.11538666294423078, -0.11820580160313175, -1.001732246635866
-0.10941451641511096, -0.11197625167330719, -1.001574370590153
-0.10343885535293137, -0.10576055968552399, -1.001421834836194
-0.09745987233484737, -0.09955805295620253, -1.0012750503283876
-0.09147775993801213, -0.09336804845671905, -1.0011344173139693
-0.08549271073957948, -0.08718985286688881, -1.0010003251501525
-0.07950491731670281, -0.08102276262858808, -1.0008731521200955
-0.07351457224653724, -0.07486606399953788, -1.0007532652476174
-0.06752186810623625, -0.0687190331072539, -1.0006410201105722
-0.06152699747295359, -0.06258093600319374, -1.0005367606527964
-0.05553015292384317, -0.05645102871711693, -1.0004408189945417
-0.04953152703605829, -0.05032855731168167, -1.0003535152413003
-0.04353131238675434, -0.04421275793732249, -1.0002751572909365
-0.03752970155308427, -0.038102856887422314, -1.0002060406390296
-0.031526887112202195, -0.031998070653841755, -1.0001464481823308
-0.025523061641262113, -0.025897605982836455, -1.0000966500202515
-0.01951841771741719, -0.019800659931407942, -1.0000569032542757
-0.013513147917822654, -0.013706419924158735, -1.0000274517852084
-0.007507444819631864, -0.0076140638106834335, -1.000008526108162
-0.0015015009999985451, -0.0015227599235831484, -1.0000003431051803
0.004504490963923163, 0.00456833268414305, -1.0000030787547844
0.010510338494980093, 0.010660058133478258, -1.000016659346095
0.016515849016016992, 0.016753252828859963, -1.000040875885138
0.022520829949880666, 0.022848743686483375, -1.000075504657261
0.028525088719417085, 0.028947348076461023, -1.0001203084387345
0.034528432747472304, 0.03504987376513116, -1.00017503670293
0.04053066945689329, 0.04115711885793912, -1.0002394258241947
0.04653160627052447, 0.047269871742840246, -1.0003131992795047
0.052531050611212854, 0.053388911034178414, -1.0003960678480062
0.05852880990180437, 0.05951500551696268, -1.0004877298085297
0.0645246915651452, 0.06564891409152449, -1.0005878711351794
0.07051850302408194, 0.07179138571849658, -1.0006961656910813
0.07651005170145936, 0.07794315936407797, -1.0008122754203985
0.08249914502012448, 0.08410496394556312, -1.0009358505386858
0.08848559040292295, 0.0902775182770899, -1.001066529721692
0.09446919527270117, 0.09646153101559386, -1.0012039402926853
0.10044976705230577, 0.10265770060694165, -1.0013476984084004
0.10642711316458142, 0.10886671523222832, -1.0014974092436826
0.11240104103237505, 0.11508925275423325, -1.0016526671749286
0.11837135807853258, 0.12132598066400725, -1.0018130559623886
0.1243378717259001, 0.12757755602760182, -1.0019781489314314
0.13030038939732438, 0.1338446254329316, -1.0021475091528362
0.1362587185156502, 0.14012782493677164, -1.0023206896222001
0.14221266650372433, 0.14642778001189335, -1.002497233438533
0.1481620407843927, 0.1527451054943476, -1.0026766739821151
0.1541066487805016, 0.15908040553090377, -1.0028585350916916
0.1600462979148975, 0.1654342735266633, -1.003042331241074
0.16598079561042536, 0.17180729209285192, -1.0032275677152165
0.17190994928993183, 0.1782000329948322, -1.003413740785836
0.17783356637626305, 0.1846130571003295, -1.003600337886637
0.18375145429226505, 0.19104691432791865, -1.0037868377882095
0.1896634204607846, 0.1975021435957864, -1.0039727107726537
0.19556927230466636, 0.2039792727708011, -1.0041574188079925
0.20146881724675728, 0.21047881861792367, -1.0043404157224307
0.20736186270990334, 0.21700128674998734, -1.0045211473785078
0.2132482161169504, 0.22354717157788465, -1.0046990518472012
0.21912768489074544, 0.230116956261202, -1.004873559582025
0.2250000764541332, 0.2367111126593274, -1.005044093593174
0.2308651982299603, 0.24333010128309343, -1.0052100696217536
0.236722857641073, 0.24997437124697766, -1.0053708963141395
0.2425728621103172, 0.25664436022190873, -1.0055259753965067
0.2484150190605396, 0.2633404943887304, -1.005674701849562
0.2542491359145852, 0.2700631883923613, -1.0058164640835177
0.2600750200953006, 0.27681284529670275, -1.0059506441133346
0.26589247902553187, 0.28358985654033525, -1.0060766177342693
0.271701320128125, 0.29039460189306104, -1.0061937546977462
0.27750135082592686, 0.2972274494133409, -1.0063014188875812
0.28329237854178213, 0.30408875540666436, -1.0063989684965846
0.28907421069853767, 0.310978864384926, -1.0064857562035519
0.29484665471903937, 0.31789810902684007, -1.0065611293506702
0.3006095180261335, 0.32484681013945343, -1.0066244301213474
0.30636260804266663, 0.33182527662081035, -1.0066749957184826
0.31210573219148363, 0.33883380542381764, -1.0067121585431802
0.31783869789543123, 0.3458726815213736, -1.0067352463739216
0.3235613125773555, 0.3529421778727963, -1.0067435825461977
0.329273383660103, 0.36004255539162144, -1.0067364861326036
0.33497471856651867, 0.36717406291481275, -1.0067132721233938
0.3406651247194493, 0.3743369371734439, -1.006673251607502
0.34634440954174084, 0.38153140276489983, -1.0066157319540165
0.3520123804562395, 0.3887576721266523, -1.0065400169941032
0.3576688448857919, 0.3960159455116628, -1.0064454072033708
0.36331361025324277, 0.4033064109654601, -1.0063311998846678
0.36894648398143887, 0.4106292443049567, -1.0061966893512895
0.3745672734932264, 0.4179846090990336, -1.0060411671105918
0.38017578621145137, 0.42537265665096125, -1.005863922047983
0.3857718295589603, 0.43279352598269927, -1.005664240611279
0.39135521095859827, 0.4402473438211226, -1.0054414069954005
0.39692573783321183, 0.447734224586226, -1.005194703327384
0.40248321760564726, 0.4552542703813504, -1.0049234098516826
0.4080274576987504, 0.46280757098547237, -1.004626805115731
0.413558265535368, 0.47039420384761804, -1.0043041661557388
0.41907544853834494, 0.4780142340834188, -1.0039547686826844
0.424578814130528, 0.4856677144738848, -1.0035778872684746
0.43006816973476325, 0.4933546854664023, -1.0031727955322334
0.4355433227738965, 0.5010751751780251, -1.0027387663266811
0.4410040806707747, 0.5088291994010801, -1.0022750719245672
0.4464502508482425, 0.5166167616111308, -1.0017809842051142
0.4518816407291468, 0.5244378529773426, -1.0012557748404287
0.4572980577363338, 0.5322924523752658, -1.0006987154818372
0.46269930929264913, 0.5401805264020916, -1.0001090779461002
0.46808520282093985, 0.548102029394397, -0.9994861344014524
0.4734555457440506, 0.5560569034484152, -0.9988291575534303
0.47881014548482814, 0.5640450784428643, -0.9981374208304237
0.4841488094661187, 0.5720664720643487, -0.9974101985689101
0.4894713451107681, 0.5801209898353735, -0.996646766198312
0.4947775598416232, 0.5882085251449893, -0.9958464004254239
0.5000672610815285, 0.5963289592820784, -0.9950083794183573
0.5053402562533313, 0.6044821614713327, -0.9941319829899369
0.5105963527798776, 0.612667988911904, -0.9932164927805016
0.5158353580840128, 0.6208862868187708, -0.9922611924400425
0.5210570795885843, 0.6291368884668275, -0.9912653678096207
0.5262613247164365, 0.6374196152377052, -0.9902283071020018
0.5314479008904165, 0.6457342766693429, -0.9891493010814466
0.5366166155333699, 0.6540806705083142, -0.9880276432425943
0.5417672760681432, 0.6624585827649121, -0.9868626299883727
0.5468996899175829, 0.6708677877710081, -0.9856535608068706
0.5520136645045338, 0.6793080482406757, -0.9843997384471099
0.5571090072518429, 0.6877791153335967, -0.9831004690936451
0.5621855255823557, 0.6962807287212269, -0.981755062539931
0.5672430269189187, 0.7048126166557429, -0.9803628323603798
0.5722813186843787, 0.713374496041745, -0.9789230960810549
0.5773002083015801, 0.721966072510718, -0.9774351753489163
0.5822995031933699, 0.7305870404982489, -0.9758983960995612
0.5872790107825944, 0.7392370833239722, -0.9743120887233839
0.5922385384920992, 0.747915873274246, -0.9726755882300862
0.5971778937447311, 0.7566230716875364, -0.9709882344114705
0.6020968839633352, 0.7653583290424899, -0.9692493720024448
0.6069953165707578, 0.7741212850486886, -0.9674583508401635
0.6118729989898454, 0.7829115687400486, -0.9656145260212456
0.6167297386434438, 0.7917287985708488, -0.9637172580569873
0.6215653429543998, 0.8005725825143643, -0.961765913026506
0.6263796193455584, 0.8094425181640705, -0.9597598627277444
0.6311723752397659, 0.8183381928374018, -0.9576984848262593
0.6359434180598688, 0.8272591836820125, -0.9555811630017333
0.6406925552287133, 0.8362050577845261, -0.9534072870921331
0.6454195941691445, 0.8451753722817209, -0.9511762532354456
0.6501243423040096, 0.8541696744741298, -0.9488874640089258
0.6548066070561538, 0.8631875019419981, -0.9465403285657843
0.6594661958484237, 0.8722283826635698, -0.9441342627692463
0.6641029161036658, 0.8812918351356519, -0.9416686893239161
0.6687165752447252, 0.8903773684964083, -0.9391430379043769
0.6733069806944483, 0.8994844826503455, -0.936556745280962
0.6778739398756812, 0.9086126683954311, -0.9339092554426258
0.6824172602112702, 0.9177614075522901, -0.9312000197168565
0.6869367491240618, 0.9269301730954368, -0.928428496886561
0.691432214036901, 0.9361184292864735, -0.9255941533038554
0.6959034623726342, 0.9453256318092111, -0.9226964630007047
0.7003503015541079, 0.9545512279066386, -0.9197349077963435
0.7047725390041678, 0.9637946565196862, -0.9167089774014185
0.7091699821456607, 0.9730553484277247, -0.9136181695187922
0.7135424384014317, 0.9823327263907162, -0.9104619899409493
0.7178897151943272, 0.9916262052929781, -0.9072399526439441
0.7222116199471933, 1.0009351922884635, -0.9039515798778331
0.7265079600828761, 1.0102590869475014, -0.9005964022535429
0.7307785430242224, 1.0195972814049246, -0.8971739588261038
0.7350231761940769, 1.0289491605095, -0.8936837971742144
0.7392416670152864, 1.03831410197461, -0.8901254734760633
0.743433822910697, 1.0476914765300718, -0.8864985525813771
0.747599451303155, 1.0570806480750452, -0.8828026080796341
0.7517383596155063, 1.0664809738319376, -0.8790372223643936
0.7558503552705964, 1.0758918045012174, -0.8752019866937018
0.7599352456912719, 1.0853124844170645, -0.8712965012465225
0.763992838300379, 1.0947423517037667, -0.8673203751751497
0.7680229405207635, 1.104180738432766, -0.8632732266535661
0.772025359775272, 1.1136269707802882, -0.8591546829216942
0.7759999034867496, 1.123080369185438, -0.8549643803255187
0.7799463790780433, 1.1325402485087006, -0.850701964353021
0.7838645939719986, 1.1420059181907263, -0.8463670896659131
0.7877543555914619, 1.1514766824113247, -0.8419594201271207
0.7916154713592793, 1.1609518402485706, -0.8374786288239882
0.7954477486982966, 1.1704306858379125, -0.8329243980871824
0.79925099503136, 1.1799125085312105, -0.8282964195052513
0.8030250177813156, 1.1893965930555779, -0.8235943939348319
0.8067696243710094, 1.198882219671946, -0.8188180315064639
0.810484622223288, 1.208368664333248, -0.8139670516259967
0.8141698187609966, 1.2178551988421091, -0.809041182971574
0.8178250214069818, 1.2273410910079594, -0.8040401634861616
0.8214500375840894, 1.2368256048034472, -0.7989637403656217
0.825044674715166, 1.246308000520062, -0.7938116700423027
0.8286087402230574, 1.255787534922852, -0.7885837181641489
0.8321420415306093, 1.2652634614041351, -0.7832796595693048
0.8356443860606683, 1.2747350301361016, -0.7778992782562181
0.83911558123608, 1.2842014882221842, -0.7724423673492331
0.8425554344796908, 1.2936620798471088, -0.7669087290596679
0.8459637532143474, 1.303116046425497, -0.7612981746423819
0.8493403448628946, 1.3125626267489232, -0.7556105243478336
0.852685016848179, 1.3220010571313139, -0.7498456073696285
0.8559975765930468, 1.3314305715525767, -0.744003261787568
0.8592778315203442, 1.340850401800344, -0.7380833345062142
0.8625255890529174, 1.3502597776097307, -0.7320856811889711
0.8657406566136117, 1.359657926800979, -0.726010166187706
0.8689228416252738, 1.369044075414898, -0.7198566624679237
0.8720719515107496, 1.378417447845961, -0.7136250515295209
0.8751877936928852, 1.3877772669729693, -0.7073152233231303
0.8782701755945271, 1.3971227542871585, -0.7009270761620934
0.8813189046385205, 1.40645313001763, -0.6944605166300846
0.884333788247712, 1.4157676132540156, -0.6879154594844115
0.8873146338449478, 1.425065422066233, -0.6812918275550381
0.8902612488530738, 1.4343457736212384, -0.6745895516393614
0.8931734406949363, 1.4436078842966613, -0.6678085703927736
0.8960510167933808, 1.4528509697911964, -0.6609488302150732
0.8988937845712539, 1.4620742452316604, -0.6540102851327427
0.9017015514514013, 1.4712769252765794, -0.6469928966771684
0.9044741248566697, 1.4804582242162088, -0.6398966337588381
0.9072113122099045, 1.489617356068864, -0.6327214725375842
0.909912920933952, 1.4987535346734677, -0.6254673962889092
0.9125787584516585, 1.5078659737781763, -0.6181343952664858
0.9152086321858696, 1.5169538871249977, -0.6107224665608717
0.9178023495594321, 1.52601648853028, -0.6032316139545215
0.9203597179951915, 1.5350529919609606, -0.5956618477731594
0.9228805449159937, 1.5440626116064786, -0.588013184733592
0.9253646377446854, 1.5530445619462228, -0.5802856477880469
0.9278118039041123, 1.561998057812428, -0.5724792659651059
0.9302218508171208, 1.5709223144484037, -0.564594074207324
0.9325945859065566, 1.5798165475619854, -0.5566301132056405
0.9349298165952658, 1.5886799733741221, -0.5485874292306451
0.9372273503060947, 1.5975118086624727, -0.5404660739608242
0.9394869944618892, 1.6063112707999327, -0.5322661043078764
0.9417085564854956, 1.6150775777879742, -0.523987582239199
0.9438918437997599, 1.6238099482847053, -0.5156305745976736
0.9460366638275278, 1.6325076016275588, -0.5071951529188363
0.9481428239916458, 1.641169757850503, -0.498681393245572
0.9502101317149597, 1.6497956376956808, -0.4900893759404526
0.9522383944203162, 1.658384462619396, -0.4814191854958326
0.9542274195305605, 1.6669354547923376, -0.47267091034184855
0.9561770144685392, 1.675447837093974, -0.46384464265243847
0.9580869866570983, 1.68392083310101, -0.45494047814954264
0.9599571435190838, 1.6923536670698316, -0.44595851590561253
0.9617872924773418, 1.7007455639128586, -0.4368988581445816
0.9635772409547184, 1.709095749168711, -0.4277616100414551
0.96532679637406, 1.7174034489661307, -0.4185468795206682
0.9670357661582119, 1.725667889981562, -0.40925477705338287
0.9687039577300208, 1.7338882993903326, -0.3998854154538831
0.9703311785123327, 1.7420639048113546, -0.3904389096752524
0.9719172359279935, 1.750193934245286, -0.3809153766044964
0.9734619373998492, 1.758277616006083, -0.3713149348572974
0.9749650903507462, 1.7663141786458825, -0.36163770457259264
0.9764265022035303, 1.7743028508731553, -0.3518838072071635
0.9778459803810481, 1.7822428614640762, -0.3420533653304393
0.979223332306145, 1.7901334391670576, -0.33214650241969923
0.9805583654016671, 1.7979738126004041, -0.3221633426559061
0.9818508870904612, 1.805763210143034, -0.3121040107203629
0.9831007047953725, 1.813500859818237, -0.3019686315924156
0.9843076259392476, 1.8211859891704218, -0.2917573303484365
0.9854714579449324, 1.8288178251348302, -0.28147023196230003
0.9865920082352732, 1.8363955939001864, -0.27110746110758727
0.9876690842331157, 1.8439185207642566, -0.2606691419617667
0.9887024933613062, 1.851385829982298, -0.25015539801258635
0.989692043042691, 1.8587967446083922, -0.23956635186692765
0.9906375407001158, 1.8661504863296363, -0.2289021250623816
0.9915387937564268, 1.8734462752932137, -0.21816283788179092
0.99239560963447, 1.8806833299263175, -0.2073486091710337
0.9932077957570918, 1.8878608667489514, -0.1964595561603247
0.993975159547138, 1.894978100179615, -0.18549579428928625
0.9946975084274546, 1.9020342423338874, -0.17445743703609276
0.9953746498208879, 1.9090285028159408, -0.16334459575094237
0.9960063911502838, 1.9159600885030073, -0.152157379494181
0.9965925398384886, 1.9228282033228337, -0.14089589487934323
0.997132903308348, 1.9296320480241747, -0.1295602459214108
0.9976272889827084, 1.9363708199403626, -0.11815053389060977
0.9980755042844159, 1.9430437127460216, -0.1066668571720193
0.9984773566363164, 1.949649916206975, -0.09510931113133805
0.998832653461256, 1.956188615923427, -0.08347798798708722
0.999141202182081, 1.9626589930664844, -0.07177297668960403
0.999402810221637, 1.9690602241081165, -0.05999436280710351
0.9996172850027706, 1.9753914805446284, -0.0481422284191692
0.9997844339483275, 1.9816519286137582, -0.03621665201798067
0.9999040644811541, 1.9878407290054985, -0.02421770841760743
0.9999759840240962, 1.9939570365667603, -0.01214546867170941
1.0, 2.0, 3.148456438954557e-14
